T0.A.S31.L001,T0.B.S32.L001,T0.C.S33.L001,T1.A.S34.L001,T1.B.S35.L001,T1.C.S36.L001,T10.A.S61.L001,T10.B.S62.L001,T10.C.S63.L001,T11.A.S64.L001,T11.B.S65.L001,T11.C.S66.L001,T2.A.S37.L001,T2.B.S38.L001,T2.C.S39.L001,T3.A.S40.L001,T3.B.S41.L001,T3.C.S42.L001,T4.A.S43.L001,T4.B.S44.L001,T4.C.S45.L001,T5.A.S46.L001,T5.B.S47.L001,T5.C.S48.L001,T6.A.S49.L001,T6.B.S50.L001,T6.C.S51.L001,T7.A.S52.L001,T7.B.S53.L001,T7.C.S54.L001,T8.A.S55.L001,T8.B.S56.L001,T8.C.S57.L001,T9.A.S58.L001,T9.B.S59.L001,T9.C.S60.L001,sum.taxonomy
0.04014067874877791,0.042200797966655844,0.030840852593426043,0.007036939738695908,0.013349534939905058,0.005597684484023696,0.0185144045351142,0.022144931222464387,0.007541534083494002,0.056530082567523794,0.02136462309180728,0.015134372634841409,0.024064869578051564,0.031735488371758346,0.02342563716246863,0.05288275420532858,0.04375354756970266,0.056530082567523794,0.02840539915887922,0.010130598811932092,0.01899909764425378,0.00938827976541671,0.02827443642703076,0.013375286205280846,0.056530082567523794,0.021645347600204277,0.008544758190832353,0.056530082567523794,0.0073326873790711886,0.018543066550723582,0.03589077156442187,0.0382860893627421,0.02059670489727889,0.056530082567523794,0.056530082567523794,0.0016783301102741126,Eukaryota;Chordata;Actinopteri;Perciformes;Serranidae;Paralabrax;Paralabrax clathratus
0,0,0,0,0,0,0.06938699135357007,0.01866468544235563,0,0,0,0,0.14341003642494332,0,0,0,0,0,0.11304337189797195,0.2547284099024938,0,0,0.21681350642844938,0,0,0,0,0.18395299855021588,0,0,0,0,0,0,0,0,Eukaryota;Chordata;Actinopteri;NA;Sphyraenidae;Sphyraena;Sphyraena argentea
0,0,0,0,0,0,0.054606444818425845,0.08392781026483918,0,0.7940136854510934,0,0,0,0,0,0,0,0,0,0,0,0,0,0,0,0,0,0,0,0,0,0,0,0,0.06745205946564159,0,Eukaryota;Chordata;Actinopteri;Centrarchiformes;Kyphosidae;Girella;Girella simplicidens
0,0,0,0,0,0,0,0,0,0,0,0,0,0,0,0,0,0,0,0,0,0,1,0,0,0,0,0,0,0,0,0,0,0,0,0,Eukaryota;Chordata;Chondrichthyes;Myliobatiformes;Dasyatidae;Himantura;Himantura uarnak
0,0,0,0,0,0,0,0,0,0,0,0,0,0,0,0,0,0,0,0,0,0,0,1,0,0,0,0,0,0,0,0,0,0,0,0,Eukaryota;Chordata;Actinopteri;Lutjaniformes;Lutjanidae;Pterocaesio;
0,0,0,0,0,0,0,0,0,0,0,0,0,0,0,0,0,0,0,0,0,0,0,1,0,0,0,0,0,0,0,0,0,0,0,0,Eukaryota;Chordata;Actinopteri;;Pomacentridae;Pomacentrus;
0.008088694760890632,0.016719342481415142,0.007490556595373863,0.009499365426851774,0.007578386326412704,0.020177006692552294,0,0.004286258988326377,0.005070591449017819,4.663405390772901e-5,0.006049081764316488,0,0.009794601276180202,0.08394227054851974,0.04955674580755903,0.017116963089937758,0.07759307775625257,0.07932686246893011,0.02247837755278813,0.027483225223614696,0.16872158444395124,0.016904987198186453,0.043705130851986886,0.019900735356931605,0,0.04878276497101607,0.11159913064000015,0.014304096800379655,0.008898151172914337,0.03829951785897217,0.005119480741079444,0.01222457138951503,0.034311488255678445,0.008695899040631781,0.011218585087963076,0.005015833927946498,Eukaryota;Chordata;Actinopteri;Clupeiformes;Engraulidae;Engraulis;Engraulis mordax
9.597499883628531e-4,9.78621822640404e-6,0.005536116263976144,0.06818058238335695,0.06818058238335695,0.06818058238335695,9.349273158016283e-4,0.0016602063279060981,0.06818058238335695,0.04288556914085428,0.06818058238335695,0.06818058238335695,0.06818058238335695,0.06679774849746661,0.06818058238335695,0.032831917641269096,0.02431663248312875,0.01569935728298041,0.045243259450290056,0.023444331052428536,0.010795163530575145,0.02030720187746048,0.012794966974445338,0.0069202687403230176,0.015977800258244464,0.0016275864853564886,0.005232143609635053,0.012670455544403726,0.005844579513772208,0.012284344043318773,0.002483008416865368,0.01113484743726184,0.004526511693500876,0,0.0034562787619339076,0.06818058238335695,Eukaryota;Chordata;Actinopteri;Labriformes;Labridae;Halichoeres;Halichoeres semicinctus
0,0,0,0.031395975231659365,0.030156751724828193,0.02795118399320272,0,0,0,0,0,0,0,0,0.3566741053138863,0,0.07572920129888211,0,0.04017731246623512,0.14259135216231644,0.276258545761217,0,0,0.01901084554543781,5.4726502334907595e-5,0,0,0,0,0,0,0,0,0,0,0,Eukaryota;Chordata;Actinopteri;Cypriniformes;Cyprinidae;Ctenopharyngodon;Ctenopharyngodon idella
0.031796515992177594,0.037620508307454975,0.028598992720509073,0.017404510961287697,0.008653855731636234,0.011162814942014028,0.04860703129723021,0.07642918950217192,0.014416992274489714,0.02483508385720657,0.014969923939436539,0.016738738876425723,0.009522144369775666,0.03685925525994862,0.03173417152786589,0.02972004421849659,0.02938949157090705,0.02838114639518171,0.021364134587065518,0.0263611390173636,0.07079568452653921,0.014914975380733391,0.030697581578244402,0.015949053186788575,0.007579669989287535,0.033443079287619165,0.15771554017369582,0.015725457399238765,0.011966927972590097,0.029679603063627536,0.005048874948036463,0.0025857256585412993,0.024236125793978304,0.011826391472543295,0.019750136181449236,0.003519488038441995,Eukaryota;Chordata;Actinopteri;;Pomacentridae;Chromis;Chromis punctipinnis
0.0173749915037939,0.007948745981961592,0.004599302949113931,0,0,0,0,0,0.003394853801941678,0,0.030400768224016744,0.007961824589567694,0.02134765409353178,0.1135314920281312,0,0,0,0.1545540865116428,0.0707622758374319,0.06539869797420851,0.10626454925719371,0.034275083016569584,0.03123758963781334,0.009501914404766665,0.09690894392293482,0.037724362688459315,0,0.015781594873823603,0.01702765061549262,0.002951965733417876,0,0.0830594055190841,0.03467587637106856,0.030619367040859012,0,0.002697003423175052,Eukaryota;Chordata;Actinopteri;Carangiformes;Carangidae;Trachurus;Trachurus symmetricus
0.17946176633455738,0.046096191806892756,0.06662208902003937,0.026673289080042954,0.008680378004623816,0.005655569313120225,0,0.018408268885163642,0.03589820595151997,0.019944981484675398,0,0,0.0217331988664086,0,0.012136716376813678,0,0.0151291727604677,0.06097566319294176,0.02259797615197776,0.031499766658358984,0.020834951472897538,0,0.0358647894876124,0.03689600390993524,0,0,0.07372520848760544,0.05454789807764566,0,0.00837536930086473,0,0.016238590019307123,0,0.106112874022768,0.07589108133375985,0,Eukaryota;Chordata;Actinopteri;Anguilliformes;Muraenidae;Gymnothorax;Gymnothorax mordax
0.23023657424821942,0,0,0,0,0,0,0,0,0,0,0,0,0.2595135471801048,0,0,0,0,0,0,0.5102498785716758,0,0,0,0,0,0,0,0,0,0,0,0,0,0,0,Eukaryota;Chordata;Actinopteri;Gobiiformes;Gobiidae;Lythrypnus;Lythrypnus zebra
3.633649449632198e-5,0.060883791028530594,0.01554994623787675,0.03810307838486443,0,0.0034810465067427448,0.00847285360334614,0.11666477142964374,0.02023777841656003,0,0,0,0,0.01987621901499977,0.00976873623579462,0.017808203962397493,0.01852912916137688,0,0,0,0,0.10168866535945321,0.4511621396527123,0.027333178331474948,0,0,0,0.002344884312069167,0.001502263244750618,0,0,0,0,0,0.08655697862291024,0,Eukaryota;Chordata;Actinopteri;;Siganidae;Siganus;Siganus fuscescens
0,0,0,0,0,0,0,0.0036002014907946136,0,0,0,0,0,0.9963997985092053,0,0,0,0,0,0,0,0,0,0,0,0,0,0,0,0,0,0,0,0,0,0,Eukaryota;Chordata;Actinopteri;Atheriniformes;Atherinopsidae;Leuresthes;Leuresthes tenuis
0.10044921698989434,0.03198490458596408,0.0070316492105663465,3.0383387798302243e-4,0,0,0.21982011254716788,0.011319177239380319,0,0,0.048540023591078015,0,0,0.04152886299118543,0,0.06679224241071618,0,0,0,0,0,0.01918627810346991,0.05873250889039397,0.013441432156383541,0,0.11158430243123454,0,0.2146102913577214,0.026022109654250326,0,0,0.017307147779299446,0.011345906183311221,0,0,0,Eukaryota;Chordata;Actinopteri;Blenniiformes;Blenniidae;Hypsoblennius;Hypsoblennius jenkinsi
1,0,0,0,0,0,0,0,0,0,0,0,0,0,0,0,0,0,0,0,0,0,0,0,0,0,0,0,0,0,0,0,0,0,0,0,Eukaryota;Chordata;Actinopteri;Lutjaniformes;Haemulidae;Xenistius;Xenistius californiensis
0.028623251263812235,0.022626773304383067,0.05538348266598082,0.022739278095232955,0,0.00910646341357301,0,0.01868705805249233,0.03791325062261806,0.0755306677045101,0,0,0,0,0.0200777884786351,0,0.17560405372204924,0.04130491876875831,0.13296149958062325,0,0.1018321650123163,0,0,0,0.04131384663307292,0,0,0,0.014479862681641649,0.11318785268378279,0,0,0.055937036716191595,0,0.03269075060032632,0,Eukaryota;Chordata;Actinopteri;Blenniiformes;Clinidae;Heterostichus;Heterostichus rostratus
0,0,0,0.06087271074309725,0.06609836363227073,0.07924061011870116,0.10545591587825115,0.0015823837775851813,0.05097380173083245,0.03356005722754777,0.06769871736011553,0.06490671491803289,0.06995095665562759,0.06274373600675023,0.05851949801749118,0.018957513852156008,0.018362117393324006,0.009971200554166025,0.034351454283913556,0.025671219989533714,0.00854662879070601,0.012992355352601384,0.010828845154352288,0.008712686057303826,0.012562894783728636,9.628911858583318e-4,0.002256799741385013,0.007951914379694563,0.006390392036124482,0.007104741280008805,0.004213975960576234,0.005910449813019143,0.006235093970883871,0,0.0032702097499437777,0.07314314960441717,Eukaryota;Chordata;Actinopteri;Labriformes;Labridae;;
0.019913565574804337,0.016822009057423298,0.010160145869061775,0.022138831515731178,0.01797124287970107,0.0058081054978841055,0.03713821979024578,0.03713821979024578,0.02265926094134033,0.024333066405778318,0.026501291099786266,0.007173892350372159,0.02671054793443974,0.03713821979024578,0.03563215027957554,0.03713821979024578,0.03713821979024578,0.02281482821888183,0.03713821979024578,0.03713821979024578,0.03713821979024578,0.03713821979024578,0.03713821979024578,0.03713821979024578,0.02348136906830594,0.03713821979024578,0.03713821979024578,0.027189884076248387,0.018281674095512724,0.03713821979024578,0.03713821979024578,0.03713821979024578,0.03713821979024578,0.013073155042131565,0.025264943046008462,0.0027203006128347054,
0,0,0,0,0,0,0,0,0,0,0,0,0,0,0,0,0,0,0,0,0,0,0,1,0,0,0,0,0,0,0,0,0,0,0,0,Eukaryota;Chordata;Actinopteri;Pleuronectiformes;Psettodidae;Psettodes;Psettodes erumei
0,1,0,0,0,0,0,0,0,0,0,0,0,0,0,0,0,0,0,0,0,0,0,0,0,0,0,0,0,0,0,0,0,0,0,0,Eukaryota;Chordata;Mammalia;Artiodactyla;Bovidae;Bos;Bos taurus
0.051074606925874476,0.05632853965038083,0.2354761541187247,0.05413516042202856,0.031502497906957756,0.03716173571370297,0,0,0,0.043258480571450965,0,0,0,0,0,0,0.05614396034163738,0,0,0.021376848531071933,0,0,0.011156496922452899,0,0,0,0,0.06638040185118457,0.060013396457238015,0,0,0,0.08922660961614351,0.0843945557625007,0.10237055520865082,0,Eukaryota;Chordata;Chondrichthyes;Heterodontiformes;Heterodontidae;Heterodontus;Heterodontus francisci
0,0,1,0,0,0,0,0,0,0,0,0,0,0,0,0,0,0,0,0,0,0,0,0,0,0,0,0,0,0,0,0,0,0,0,0,Eukaryota;Chordata;Actinopteri;NA;Centropomidae;Psammoperca;Psammoperca waigiensis
0.03258319078490403,0.03573937916419147,0.02337085810894921,0,0.006735815744901947,0,0,0.020910887602551248,0.006569534437521365,0,0,0,0,0,0,0.10340061783240985,0.007090617287620486,0,0.038540128078783306,0,0.055356702428350106,0,0.21022081110885274,0.004797027468786724,0.1985676204949245,0.08550591450516387,0,0.06899322583028984,0,0,0.024044294434534916,0,0.009093988094522628,0,0.06093540296245311,0.007543983630288693,Eukaryota;Chordata;Actinopteri;Perciformes;Serranidae;Epinephelus;
0,0,1,0,0,0,0,0,0,0,0,0,0,0,0,0,0,0,0,0,0,0,0,0,0,0,0,0,0,0,0,0,0,0,0,0,Eukaryota;Chordata;Chondrichthyes;Orectolobiformes;Hemiscylliidae;Chiloscyllium;Chiloscyllium punctatum
0,0,0,0,1,0,0,0,0,0,0,0,0,0,0,0,0,0,0,0,0,0,0,0,0,0,0,0,0,0,0,0,0,0,0,0,Eukaryota;Chordata;Actinopteri;Perciformes;Serranidae;Paralabrax;Paralabrax nebulifer
0.08872891764142482,0.10730998755654182,0.1292922149599862,0.015578731235450654,0,0,0.0246622031442244,0.14131207918876124,0,0,0.05787373288967078,0,0,0.024177869557173173,0,0,0,0,0,0,0,0.03347580938030317,0,0.002817798219388285,0.13631141786319667,0.046031785501739274,0,0.019288159270683062,0.027753799770491826,0.08341986932367437,0,0,0,0.0291925069169928,0.03277311758029754,0,Eukaryota;Chordata;Actinopteri;Blenniiformes;Labrisomidae;Paraclinus;Paraclinus integripinnis
0,0,0,0,0,0.13851379773725514,0.39877108253973864,0,0.2854202237729082,0,0,0,0.17729489595009806,0,0,0,0,0,0,0,0,0,0,0,0,0,0,0,0,0,0,0,0,0,0,0,Eukaryota;Chordata;Actinopteri;Beloniformes;Exocoetidae;;
0.2804651698888881,0.13421811290439215,0.21791417403099336,0.007399213302541827,0,0,0,0.06740032439867513,0.032989974474882895,0,0.08042834424354266,0,0,0,0,0,0,0,0,0,0,0,0.1253945156653039,0,0,0,0,0,0,0,0,0,0,0,0.053790171090779944,0,Eukaryota;Chordata;Actinopteri;Gobiiformes;Gobiidae;Typhlogobius;Typhlogobius californiensis
0,0,0,0,0,0,1,0,0,0,0,0,0,0,0,0,0,0,0,0,0,0,0,0,0,0,0,0,0,0,0,0,0,0,0,0,Eukaryota;Chordata;Actinopteri;NA;Sciaenidae;Umbrina;Umbrina roncador
0,0,0,0,0,0,0.017915003236648793,0.02366978821239845,0.023333948166854714,0,0,0.00997913777726413,0,0,0,0.10520370712514596,0,0.021931413417805662,0,0,0,0,0,0,0,0,0,0,0.013237355388260633,0,0,0,0.7847296466756217,0,0,0,Eukaryota;Chordata;Actinopteri;Carangiformes;Carangidae;Seriola;Seriola lalandi
0,0,0,0,0,0,0,0,0,0,1,0,0,0,0,0,0,0,0,0,0,0,0,0,0,0,0,0,0,0,0,0,0,0,0,0,Eukaryota;Chordata;Actinopteri;Pleuronectiformes;Cynoglossidae;Symphurus;Symphurus atricaudus
0,0,0.6095183557661774,0,0,0,0,0,0,0.3904816442338226,0,0,0,0,0,0,0,0,0,0,0,0,0,0,0,0,0,0,0,0,0,0,0,0,0,0,Eukaryota;Chordata;Actinopteri;;Embiotocidae;Embiotoca;Embiotoca jacksoni
0,0,0,0,0,0,0,0,0,0,0,1,0,0,0,0,0,0,0,0,0,0,0,0,0,0,0,0,0,0,0,0,0,0,0,0,Eukaryota;Chordata;Actinopteri;Anguilliformes;Congridae;Gnathophis;
0,1,0,0,0,0,0,0,0,0,0,0,0,0,0,0,0,0,0,0,0,0,0,0,0,0,0,0,0,0,0,0,0,0,0,0,Eukaryota;Chordata;Actinopteri;Blenniiformes;Blenniidae;;
0.03873997079954817,0.05846588057730714,8.677317391812164e-4,0,0,0,0.052843277497343764,0.33701895713582153,0.01927160740727312,0.018070971674824084,0,0.009065555340519943,0.020750616550766043,0,0,0,0.03479381136116876,0.045222489807254865,0.08944887744626494,0.07587213084552412,0,0,0,0,0,0,0,0,0,0,0.05108152952948207,0,0,0.07536822044595305,0.07311837184176731,0,Eukaryota;Chordata;Actinopteri;Lutjaniformes;Haemulidae;Anisotremus;Anisotremus davidsonii
0,0.10694993765370883,0.02232556136695242,0.011567713917692414,0.030828220765627027,0,0,0,0,0,0,0,0.08726543900125959,0,0.05990818946985026,0,0.2633153428172428,0,0.09265788110485748,0.06191362344279666,0,0,0,0.025811205316291077,0.0834731781275211,0,0,0.1539837070162004,0,0,0,0,0,0,0,0,Eukaryota;Chordata;Actinopteri;Blenniiformes;Gobiesocidae;Gobiesox;Gobiesox rhessodon
0,0,0,0,0,0,0,0,0,0,0,0,0,0,0,0,1,0,0,0,0,0,0,0,0,0,0,0,0,0,0,0,0,0,0,0,Eukaryota;Chordata;Actinopteri;Tetraodontiformes;Balistidae;Odonus;Odonus niger
0,0,0.15038871206357565,0,0,0,0,0,0,0,0,0,0,0,0,0,0,0.525507500057833,0,0,0,0,0,0,0,0,0,0,0,0,0,0,0.3241037878785914,0,0,0,Eukaryota;Chordata;Actinopteri;Gobiiformes;Gobiidae;Rhinogobiops;Rhinogobiops nicholsii
0,0,0,0,0,0,0,0,0,0,0,0,0,0,0,0,0,0,1,0,0,0,0,0,0,0,0,0,0,0,0,0,0,0,0,0,Eukaryota;Chordata;Actinopteri;Chaetodontiformes;Chaetodontidae;Chaetodon;
0,0,0,0,0,0,0,0,0,0,0.044259795900809716,0,0,0,0,0,0.10292792923546933,0,0.19281405128231893,0.5763204775983536,0,0,0,0,0,0,0.08367774598304846,0,0,0,0,0,0,0,0,0,Eukaryota;Chordata;Actinopteri;Blenniiformes;Labrisomidae;Alloclinus;Alloclinus holderi
0.09840374174727948,0.09840374174727948,0.09840374174727948,0.009712667367657673,0.002072458978068251,0.002249420072042429,0.053029683606959935,0.04955675006692355,0.017479412097163596,0.09485213277643097,0.024047681971208445,9.381712666583848e-6,0.0013156016519994273,0,0,0.006510800333362713,0.013871503285246115,0.028442589546869953,0.012163447342537163,0.01385234486547187,0.0034554426851180113,0.012702066841699552,0.026095644220292438,0.0028814735959110296,0.048695094776351165,0.08007378118892883,0.020356532594101452,0.04150367558302459,0.004185080889562818,0.03411662834726481,0.024295680081816495,0.017747066574864523,0.016802412334952967,0.01880104623609134,0.023889470719649784,2.180241392301784e-5,Eukaryota;Chordata;Actinopteri;Centrarchiformes;Kyphosidae;Girella;Girella nigricans
0,0.05024838766687112,0.07795052074318397,0,0,0,0.022007927194725416,0,0,0,0,0,0,0,0,0.1263025575604705,0,0,0.07767661532472776,0.06642772812589975,0,0.02707021754050997,0,0.0033383679265862423,0,0.46006798512008906,0,0,0.016008750646379157,0.05310192163969163,0,0,0,0.019799020510865434,0,0,Eukaryota;Chordata;Actinopteri;Centrarchiformes;Kyphosidae;Hermosilla;Hermosilla azurea
0,0,0,0,0,0,0,0,0,0,0,0,0,0,0,0,0,0,0,0,0,0,1,0,0,0,0,0,0,0,0,0,0,0,0,0,Eukaryota;Chordata;Actinopteri;;Pomacentridae;Abudefduf;Abudefduf bengalensis
0,0,0,0,0,0,0,0,0,0,0,0,0,0,0,0,0,0,0,0,0,0,1,0,0,0,0,0,0,0,0,0,0,0,0,0,Eukaryota;Chordata;Actinopteri;Carangiformes;Carangidae;Gnathanodon;Gnathanodon speciosus
0,0,0,0,0,0,0,0,0,0,0,0,0,0,0,0,0,0,0,0,0,0,0,0.16993695887686783,0,0,0,0,0,0,0,0,0.8300630411231322,0,0,0,Eukaryota;Chordata;Actinopteri;Pleuronectiformes;Paralichthyidae;Citharichthys;Citharichthys sordidus
0,0,0,0,0,0,0,0,0,0,0,0,0,0,0,0,0,0,0,0,0,0,0,1,0,0,0,0,0,0,0,0,0,0,0,0,Eukaryota;Chordata;Actinopteri;Syngnathiformes;Mullidae;Parupeneus;Parupeneus indicus
0,0,0,0,0,0,0,0,0,0,0,0,0,0,0,0,0,0,0,0,0,0,0,1,0,0,0,0,0,0,0,0,0,0,0,0,Eukaryota;Chordata;Actinopteri;Lutjaniformes;Lutjanidae;Pterocaesio;Pterocaesio tessellata
0,0,0,0,0,0,0,0,0,0,0,0,0,0,0,0,0,0,0,0,0,0,0,1,0,0,0,0,0,0,0,0,0,0,0,0,Eukaryota;Chordata;Actinopteri;Acanthuriformes;Acanthuridae;Naso;Naso vlamingii
0,0,0,0,0,0,0,0,0,0,0,0,0,0,0,0,0,0,0,0,0,0,0,1,0,0,0,0,0,0,0,0,0,0,0,0,Eukaryota;Chordata;Actinopteri;Chaetodontiformes;Chaetodontidae;Chaetodon;Chaetodon ulietensis
0,0,0,0,0,0,0,0,0,0,0,0,0,0,0,0,0,0,0,0,0,0,0,1,0,0,0,0,0,0,0,0,0,0,0,0,Eukaryota;Chordata;Actinopteri;Kurtiformes;Apogonidae;Taeniamia;
0,0,0,0,0,0,0,0,0,0,0,0,0,0,0,0,0,0,0,0,0.019123234245246166,0,0,0.9808767657547538,0,0,0,0,0,0,0,0,0,0,0,0,Eukaryota;Chordata;Actinopteri;NA;Pomacentridae;Plectroglyphidodon;Plectroglyphidodon lacrymatus
0,0,0,0,0,0,0,0,0,0,0,0,0,0,0,0,0,0,0,0,0,0,0,1,0,0,0,0,0,0,0,0,0,0,0,0,Eukaryota;Chordata;Actinopteri;NA;Pomacentridae;Pomacentrus;Pomacentrus taeniometopon
0,0,0,0,0,0,0,0,0,0,0,0,0,1,0,0,0,0,0,0,0,0,0,0,0,0,0,0,0,0,0,0,0,0,0,0,Eukaryota;Chordata;Actinopteri;Perciformes;Cottidae;Ruscarius;Ruscarius creaseri
0,0,0,0,0,0,0,0,0,0,0,0,0,0,0,0,0,0,0,0,0,0,0,1,0,0,0,0,0,0,0,0,0,0,0,0,Eukaryota;Chordata;Actinopteri;Tetraodontiformes;Tetraodontidae;Canthigaster;Canthigaster solandri
0,0,0,0,0,0,0,0,0,0,0,0,0,0,0,0,0,0,0,0,0,0,0,0,0,0,0,0,0,0,0,1,0,0,0,0,Eukaryota;Chordata;Actinopteri;Syngnathiformes;Centriscidae;Centriscus;Centriscus scutatus
0,0,0,0,0,0,0,0.2936385766471617,0,0,0,0.10585941484025725,0,0,0,0,0,0,0.22674287930034615,0,0,0,0,0,0,0,0,0,0,0.3737591292122349,0,0,0,0,0,0,Eukaryota;Chordata;Actinopteri;Pleuronectiformes;Paralichthyidae;Citharichthys;Citharichthys stigmaeus
0,0,0,0,0,0,0,0,0,0,0,0,0,0,0,0,0,0,0,0,0,0,0,0,0,0,0,0,0,0,0,0,1,0,0,0,Eukaryota;Chordata;Actinopteri;Acanthuriformes;Acanthuridae;Naso;
0,0,0,0,0,0,0,0,0,0,0,0,0,0,0,0,0,0,0,0,0,0,0,0,0,0,0,0,0,0,0,0,0,0,1,0,Eukaryota;Chordata;Actinopteri;Spariformes;Nemipteridae;Pentapodus;Pentapodus bifasciatus
0,0,0,0,0,0,0,0,0,0,0,0,0,0,0,0,0,0,0,0,0,0,1,0,0,0,0,0,0,0,0,0,0,0,0,0,Eukaryota;Chordata;Actinopteri;;Pomacanthidae;Chaetodontoplus;Chaetodontoplus mesoleucus
0,0,0,0,0,0,0,0,0,0,0,0,0,0,0,0.9650857531504914,0,0,0,0,0,0,0,0,0,0,0.03491424684950853,0,0,0,0,0,0,0,0,0,Eukaryota;Chordata;Mammalia;Artiodactyla;Delphinidae;;
0,0,0,0,0,0,0,0.2774543405589216,0,0,0,0,0,0,0,0,0,0,0,0.49150796780705214,0,0,0,0.23103769163402615,0,0,0,0,0,0,0,0,0,0,0,0,Eukaryota;Chordata;Mammalia;Carnivora;Otariidae;Zalophus;Zalophus californianus
0,0,0,0,0,0,0,0,0,0,0,0,1,0,0,0,0,0,0,0,0,0,0,0,0,0,0,0,0,0,0,0,0,0,0,0,Eukaryota;Chordata;Chondrichthyes;Carcharhiniformes;Scyliorhinidae;Cephaloscyllium;Cephaloscyllium ventriosum
0,0,0,0,0,0,0,0,0,0,0,0,0,0,0,0,0,0,0,0,0,0,0,1,0,0,0,0,0,0,0,0,0,0,0,0,Eukaryota;Chordata;Actinopteri;Tetraodontiformes;Balistidae;Balistapus;Balistapus undulatus
0,0,0,0,0,0,0,0,0,0,0,0,0,0,0,0,0,1,0,0,0,0,0,0,0,0,0,0,0,0,0,0,0,0,0,0,Eukaryota;Chordata;Mammalia;Artiodactyla;Suidae;Sus;Sus scrofa
0,0,0,0,0,0,0,0,0,0,0,0,0,0,1,0,0,0,0,0,0,0,0,0,0,0,0,0,0,0,0,0,0,0,0,0,Eukaryota;Chordata;Mammalia;Artiodactyla;Delphinidae;Grampus;Grampus griseus
0,0,0,0,0,0,0,0,0,0,0,0,0,0,0,0,0,0,0,0,0,0,0,0,0,1,0,0,0,0,0,0,0,0,0,0,Eukaryota;Chordata;Aves;Charadriiformes;Laridae;Larus;
0,0,0,0,0,0,0,0,0,0,0,0,0,0,0,0,0,0,0,0,0,0,0,1,0,0,0,0,0,0,0,0,0,0,0,0,Eukaryota;Chordata;Actinopteri;Clupeiformes;Clupeidae;Spratelloides;Spratelloides delicatulus
0,0,0,0,0,0,0,0,0,0,0,0,0,1,0,0,0,0,0,0,0,0,0,0,0,0,0,0,0,0,0,0,0,0,0,0,Eukaryota;Chordata;Chondrichthyes;Pristiformes/Rhiniformes group;Rhinobatidae;Pseudobatos;Pseudobatos productus
0.02647965206435345,0.039395885863177486,0.041933971072817135,0.010448480597234671,0,0.002229479492041338,0,0,0,7.930473116444809e-4,0,0,0,0,0,0,0.010841683085306749,0,0,0.1034316779146032,0,0.014686062670319782,0.08755430450950721,0,0.14446978769914542,0,0.48075994498834296,0,0.004877602771794561,0,0,0,0,0,0.032098419959711605,0,Eukaryota;Chordata;Actinopteri;Perciformes;Scorpaenidae;Scorpaena;Scorpaena guttata
0,1,0,0,0,0,0,0,0,0,0,0,0,0,0,0,0,0,0,0,0,0,0,0,0,0,0,0,0,0,0,0,0,0,0,0,Eukaryota;Chordata;Mammalia;Rodentia;Cricetidae;Peromyscus;Peromyscus maniculatus
0,0,0,0,0,0,0,1,0,0,0,0,0,0,0,0,0,0,0,0,0,0,0,0,0,0,0,0,0,0,0,0,0,0,0,0,Eukaryota;Chordata;Aves;Charadriiformes;Laridae;Larus;Larus occidentalis
0,0.21562907933518577,0.13128782533540134,0,0,0,0.6530830953294129,0,0,0,0,0,0,0,0,0,0,0,0,0,0,0,0,0,0,0,0,0,0,0,0,0,0,0,0,0,Eukaryota;Chordata;Actinopteri;Kurtiformes;Apogonidae;Apogon;Apogon guadalupensis
0,0.12519270675967092,0,0,0,0,0.06399392665661292,0,0,0.06284005495418918,0,0,0,0,0,0.23218765075380834,0.04449354781479463,0,0.18929479725791193,0.050715851289811514,0,0.10438785184723744,0,0,0,0,0.031265156596444854,0,0,0.0387886461478619,0,0,0,0,0.05683980992165633,0,Eukaryota;Chordata;Actinopteri;Scombriformes;Scombridae;Scomber;Scomber japonicus
0.12109427944970608,0.09277272579167668,0.10955262111235317,0.020402207753147383,0,0.003581899631599456,0.04199480279361267,0.05448301334696696,0.011832868986153875,0.044659135915870986,0.010974060787539265,0.003860397646876998,0.02025951651026262,0.009432392740763693,0.018023363174006744,0.041572336834545615,0.007042107902877369,0.013256571146894445,0.02555871648252313,0.039757278600358666,0.05414994443212029,0.030300345577706816,0.02260271189523461,0.017577340421072465,0.005631988115091098,0.01676474399914493,0.017348865126451125,0.01722797731477805,0.009492908634307969,0.019890811955897623,0,0.018762645418641907,0.005067935386124072,0.028149801700523933,0.04690190074983014,1.9782665339179206e-5,Eukaryota;Chordata;Actinopteri;Atheriniformes;Atherinopsidae;Atherinopsis;Atherinopsis californiensis
0.06973593373930252,0.02447441106129267,0,0.06784993486487835,0.015325866007415406,0,0,0,0,0,0,0,0.028707583937133498,0.07262490007360654,0,0,0.0820327473604707,0,0.024476104619358254,0.01548266131172939,0.1959777752466226,0.028337376971204722,0,0.013691340840308585,0.16246010502986938,0,0,0.03506675180223664,0.012297778491365617,0.1075074389115991,0.01055602539681985,0,0.009622378675476956,0.008754425165815517,0.015018460493493717,0,Eukaryota;Chordata;Actinopteri;Blenniiformes;Labrisomidae;Labrisomus;Labrisomus xanti
0,0,0,0.1123885254964311,0.08802258047845948,0.028554712315700382,0,0,0.07076291430228321,0,0.02632795389120659,0.14581123894039127,0.053274200731218815,0,0,0,0,0,0.04983209076011343,0.24372983788773084,0.017357487380301826,0,0,0,0,0,0,0,0,0,0,0,0.16100041169574356,0,0,0.002938046120419403,Eukaryota;Chordata;Actinopteri;NA;Malacanthidae;Caulolatilus;Caulolatilus princeps
0,0,0,0,0,0.09502422174852952,0.3531919752717457,0,0.41318800162315844,0,0,0,0.13859580135656643,0,0,0,0,0,0,0,0,0,0,0,0,0,0,0,0,0,0,0,0,0,0,0,Eukaryota;Chordata;Actinopteri;Beloniformes;Exocoetidae;Cheilopogon;
0,0,0,0,0,0,0,0,0,0,0,0,0,0,1,0,0,0,0,0,0,0,0,0,0,0,0,0,0,0,0,0,0,0,0,0,Eukaryota;Chordata;Actinopteri;;Pomacentridae;Microspathodon;
0,0,0,0,0,0,0,0,0,1,0,0,0,0,0,0,0,0,0,0,0,0,0,0,0,0,0,0,0,0,0,0,0,0,0,0,Eukaryota;Chordata;Actinopteri;Alepocephaliformes;Alepocephalidae;Alepocephalus;Alepocephalus australis
0,0,0,0,0,0,0,0,0,0,0,0,0,0,0,0,1,0,0,0,0,0,0,0,0,0,0,0,0,0,0,0,0,0,0,0,Eukaryota;Chordata;Actinopteri;Blenniiformes;;;
0,0,0,0,0,1,0,0,0,0,0,0,0,0,0,0,0,0,0,0,0,0,0,0,0,0,0,0,0,0,0,0,0,0,0,0,Eukaryota;Chordata;Actinopteri;Salmoniformes;Salmonidae;Thymallus;
0,0,0,0,0,0,0,0.2214050271857854,0,0,0,0.04959496906550238,0,0,0,0,0.06559484242663315,0,0,0,0,0,0,0,0,0,0,0,0,0,0,0,0.663405161322079,0,0,0,Eukaryota;Chordata;Actinopteri;Pleuronectiformes;Paralichthyidae;Paralichthys;Paralichthys californicus
0,0,0,0,0.06682764474297571,0,0,0,0,0,0,0,0,0,0,0,0,0,0,0,0,0,0.9331723552570242,0,0,0,0,0,0,0,0,0,0,0,0,0,Eukaryota;Chordata;Actinopteri;Chaetodontiformes;Chaetodontidae;Chaetodon;Chaetodon octofasciatus
0,0,0,0,0,0,0,0,0,0,0,0,0,0,0,0,0.016724617745161974,0,0.12355589130201498,0,0,0,0.859719490952823,0,0,0,0,0,0,0,0,0,0,0,0,0,Eukaryota;Chordata;Actinopteri;Kurtiformes;Apogonidae;Ostorhinchus;Ostorhinchus chrysopomus
0,0.35444649927139815,0,0,0,0,0,0,0,0,0,0,0,0,0,0,0.25214010305600726,0,0,0,0,0,0.39341339767259453,0,0,0,0,0,0,0,0,0,0,0,0,0,Eukaryota;Chordata;Actinopteri;;Pomacentridae;Abudefduf;
0,0,0,0,0,0,0,0,0,0,0,0,0,0,0,0,0,0,0,1,0,0,0,0,0,0,0,0,0,0,0,0,0,0,0,0,Eukaryota;Chordata;Actinopteri;Holocentriformes;Holocentridae;Myripristis;
0,0,0,0,0,0,0,0,0,0.07704770696929424,0,0,0,0,0,0,0,0,0.021830737339349624,0,0,0,0,0,0,0,0.31564351955950704,0,0,0,0,0.33865517274837587,0.11760618883675804,0,0.1292166745467153,0,Eukaryota;Chordata;Actinopteri;Clupeiformes;Clupeidae;Sardinops;Sardinops sagax
0,0,0,0,0,0,0,0,0,0,0.30238403684568893,0,0,0,0.3808248301681632,0,0,0,0,0.31679113298614786,0,0,0,0,0,0,0,0,0,0,0,0,0,0,0,0,Eukaryota;Chordata;Actinopteri;Scombriformes;Scombridae;Sarda;Sarda chiliensis
0.06648352539967292,0.04289508204828389,0.06583891983220935,0.007969384116512383,0.006821977493106194,0.005857246657503658,0.020832211457996044,0.05272949101055094,0.03723489168858991,0.019476620874339486,0.03170276186444399,0.007124164763112699,0.003434328392007019,0.02932904581674768,0.03791821192209375,0.002513342951177398,0.009382943221702784,0.046671157851850366,0.02218177645353335,0.004492916391104995,0.021067184097268713,0,0.02388025772213496,0.020599320367527495,0.01880823857785732,0.015885193627506563,0.028267153684699113,0.015713058759620247,0.12408139366011786,0,0.003660808663938017,0.10054898451550033,0.03240800340295808,0.016662516703115738,0.05617896603553151,0.001348919975685129,Eukaryota;Chordata;Actinopteri;Labriformes;Labridae;Semicossyphus;Semicossyphus pulcher
0,0,0,0,0,0,0,0,0,0,0,0,0,0,0,0,0,0,0,0,0.8122597357350504,0,0,0,0,0,0.18774026426494958,0,0,0,0,0,0,0,0,0,Eukaryota;Chordata;Actinopteri;Clupeiformes;Dussumieriidae;Etrumeus;Etrumeus teres
0.0687987987685936,0,0,0.32016687177954156,0.1779476457285767,0.11497915721909477,0,0,0,0.07427428301788398,0,0,0,0,0.1329350176677547,0,0.08518231744071703,0,0,0,0,0,0,0,0,0,0,0.02571590837783773,0,0,0,0,0,0,0,0,Eukaryota;Chordata;Actinopteri;Pleuronectiformes;Pleuronectidae;Pleuronichthys;Pleuronichthys coenosus
0,0,0,0,0,0,0,0,0,0,0,0,1,0,0,0,0,0,0,0,0,0,0,0,0,0,0,0,0,0,0,0,0,0,0,0,Eukaryota;Chordata;Actinopteri;Perciformes;Serranidae;Paralabrax;
0,0.1489786768012232,0,0,0,0.04663184136474229,0,0,0.06563196628166036,0,0,0,0,0,0,0,0,0,0,0,0,0.15326091546360926,0.3882538330828275,0.03628778418454348,0,0,0,0.00852096397151018,0,0,0,0,0,0,0.15243401884988375,0,Eukaryota;Chordata;Actinopteri;;Siganidae;Siganus;
0,0,0,0,0,0.08906935943576019,0,0,0,0,0,0,0,0,0,0,0,0,0,0,0.5921430058034477,0,0.31878763476079214,0,0,0,0,0,0,0,0,0,0,0,0,0,Eukaryota;Chordata;Actinopteri;;Siganidae;Siganus;Siganus guttatus
0,0,0,0,0,0,0,0,0,0,0,0,0,0,0,0,0,0,0,0,0,0,0,1,0,0,0,0,0,0,0,0,0,0,0,0,Eukaryota;Chordata;Actinopteri;Lutjaniformes;Lutjanidae;Caesio;Caesio cuning
0,0,0,0,0,0,0,0.5560966835117485,0.44390331648825165,0,0,0,0,0,0,0,0,0,0,0,0,0,0,0,0,0,0,0,0,0,0,0,0,0,0,0,Eukaryota;Chordata;Actinopteri;Carangiformes;Carangidae;Decapterus;
0.048767028277532334,0.04643252568701161,0.031186943026146916,0.012444924230726776,0.008195170879454202,0.008622111624789713,0.025538327928054442,0.04707952864196889,0.06388253089274991,0.0027248831818109135,0.01015281555161657,0,0.03633679368131696,0.024159284031218857,0,0.07093824859582114,0.04497271295823433,0.055162304531087045,0.040891898786386945,0.03062376581272121,0.05303988085662217,0.0053509856478994805,0.10330768601024337,0.024228016963367315,0.0167661593458357,0.034899668218173634,0,0.009175739916016858,0.014441098396675636,0.02244197308163323,0.053880898559685295,0.008102707696277562,0.009116502249837457,0.014476224045282702,0.014908076944341002,0.007752583749459829,Eukaryota;Chordata;Actinopteri;Centrarchiformes;Kyphosidae;Medialuna;Medialuna californiensis
0,0,0,0,0,0,0,0,0,0,0,0,0,0,1,0,0,0,0,0,0,0,0,0,0,0,0,0,0,0,0,0,0,0,0,0,Eukaryota;Chordata;Actinopteri;Syngnathiformes;Syngnathidae;Syngnathus;Syngnathus leptorhynchus
0.08974142475688296,0.022831939765760246,0.12595038156128635,0,0,0,0,0.01627549629466487,0,0,0,0.0018761547079317639,0.0044211387012194,0.374851984973602,0.009401111944288831,0.012208436174615086,0.0019662512009926574,6.956458726995796e-4,0,0,0,0,0,0.04660144765524765,0.09477164808097994,0.0016122382270719678,0.00418358588353786,0.17549203670593796,0.004681203945050699,8.921985931522252e-4,0,0.011545674955077898,0,0,0,0,Eukaryota;Chordata;Mammalia;Primates;Hominidae;Homo;Homo sapiens
0,0,0,0,0.1589751117203386,0,0,0,0,0,0,0,0,0,0,0,0,0,0,0,0,0,0.8410248882796614,0,0,0,0,0,0,0,0,0,0,0,0,0,Eukaryota;Chordata;Actinopteri;Chaetodontiformes;Chaetodontidae;Chelmon;Chelmon rostratus
0,0,0.25167816226453515,0,0,0,0,0,0,0,0,0,0,0,0,0,0,0,0,0,0,0,0.3731247122438138,0.375197125491651,0,0,0,0,0,0,0,0,0,0,0,0,Eukaryota;Chordata;Actinopteri;Perciformes;Serranidae;Epinephelus;Epinephelus coioides
0,0,0,0,0,0,0,0,0,0,0,0,0,0.17408990179964137,0,0,0,0,0,0,0,0,0,0,0,0.03566877731978388,0,0.46028536311849744,0,0,0,0,0.32995595776207737,0,0,0,Eukaryota;Chordata;Actinopteri;Anguilliformes;Congridae;Gnathophis;Gnathophis bathytopos
0,0,0,2.462827325769977e-4,0,2.113297011481364e-4,1.0473112813927085e-4,0,0,0,0,1.182052759279514e-4,0.03538491685167451,2.3109344421982792e-4,3.378657059224448e-4,0.22221623880384356,0,0,0,0.19234270008933838,0,0,0.07330253244123229,0,0,0,0,0,0,0,0,0,0.4040251359245333,0,0.07131414765303531,1.6482024840806496e-4,Eukaryota;Chordata;Actinopteri;Labriformes;Labridae;Oxyjulis;Oxyjulis californica
0,0,0,0,0,0,0,0,0,0,0,0,0,0,0,0,1,0,0,0,0,0,0,0,0,0,0,0,0,0,0,0,0,0,0,0,Eukaryota;Chordata;Actinopteri;Ophidiiformes;Bythitidae;;
0.1773599576707693,0.06928395726605635,0.1286965627738467,0.01629285125270746,0.002475427551619255,0.0016387214145260343,0.03821220848459566,0.07540017640342059,0.02094544157132591,0.09305963305499894,0.028080383707455005,0.0017560903006345948,0.022335599562812194,0.009514886189207762,0.012060029252935933,0.03359478819322508,0.016948940119634208,0.004787898105264073,0.03831526882641124,0.014412561247437337,0.015356312992169975,0,0.017150599054563457,0.004213180768527012,0.019088682008453883,0,0,0.012378395156398362,0.0020876159790547233,0.005159234306491136,0,0.02064902394784638,0.020311965652353863,0.058853041946265,0.019580565238992546,0,Eukaryota;Chordata;Actinopteri;NA;Pomacentridae;Hypsypops;Hypsypops rubicundus
0,0,0,0,0,0,0,0,1,0,0,0,0,0,0,0,0,0,0,0,0,0,0,0,0,0,0,0,0,0,0,0,0,0,0,0,Eukaryota;Chordata;Actinopteri;Tetraodontiformes;Molidae;Mola;Mola mola
0.058181063867008276,0.09136064554394259,0.09218079602707492,0,0,0,0.0190860597169958,0.08609548136146804,0.08781506337158569,0,0.054200648175218705,0.03747882955810992,0,0,0,0,0,0,0.056211091024538674,0.15729816282740391,0.17894953319130857,0.038285496722523536,0,0,0,0,0,0,0,0,0,0,0,0,0,0.042857128612821406,Eukaryota;Chordata;Actinopteri;Perciformes;Scorpaenidae;Scorpaenodes;Scorpaenodes xyris
0,1,0,0,0,0,0,0,0,0,0,0,0,0,0,0,0,0,0,0,0,0,0,0,0,0,0,0,0,0,0,0,0,0,0,0,Eukaryota;Chordata;Actinopteri;Acanthuriformes;Acanthuridae;Ctenochaetus;Ctenochaetus binotatus
0,0.18202140731616914,0.17262937750251847,0,0,0,0,0,0,0,0,0,0,0,0,0,0,0,0,0,0,0.16485384293291344,0.48049537224839894,0,0,0,0,0,0,0,0,0,0,0,0,0,Eukaryota;Chordata;Actinopteri;Tetraodontiformes;Monacanthidae;Acreichthys;
0,0,0,0,0,0,0,0,0,0,0,0,0,0,0,0,0,0,0.5653845634863279,0,0,0,0.4346154365136721,0,0,0,0,0,0,0,0,0,0,0,0,0,Eukaryota;Chordata;Actinopteri;Labriformes;Labridae;Choerodon;Choerodon anchorago
0,0,0,0.0735554688431939,0,0,0,0,0,0,0,0,0,0,0,0,0,0,0,0,0,0.15789007668179258,0.12944220245016191,0,0,0.6391122520248517,0,0,0,0,0,0,0,0,0,0,Eukaryota;Chordata;Actinopteri;Pempheriformes;Pempheridae;Pempheris;Pempheris adusta
0,0,0,0,0,0,0,0,0,0,0,0,0,0,0,0,0,0,0,0,0,0,0.5308600395663143,0.4691399604336857,0,0,0,0,0,0,0,0,0,0,0,0,Eukaryota;Chordata;Actinopteri;Carangiformes;Carangidae;Atule;Atule mate
0,0,0,0,0,0,0,0,0,0,0,0,0,1,0,0,0,0,0,0,0,0,0,0,0,0,0,0,0,0,0,0,0,0,0,0,Eukaryota;Chordata;Actinopteri;Blenniiformes;Gobiesocidae;Rimicola;Rimicola muscarum
0,0,0,0,0,0,0,0,0,0,0,0,0,0,0,0,0,0,0,0,0,0,1,0,0,0,0,0,0,0,0,0,0,0,0,0,Eukaryota;Chordata;Actinopteri;Labriformes;Labridae;Scarus;Scarus niger
0,0.06115462078166441,0,0.0753119764495989,0.01792220912226698,0.13426822729799479,0,0,0,0,0,0,0.018460496172799382,0,0,0,0,0.12006364484999964,0.20259296543874583,0.10888373393750196,0,0,0,0.11647068364566703,0.04990283863382852,0,0,0,0,0,0,0.09496860366993264,0,0,0,0,Eukaryota;Chordata;Actinopteri;Salmoniformes;Salmonidae;Salmo;Salmo salar
0,0,0,0,0.029754636725895213,0.023122046996189586,0.015307475263307984,0.2717629616853859,0,0.25302998152631984,0,0,0,0,0,0,0.1856011870037563,0,0,0,0,0,0,0,0,0,0,0,0,0,0,0,0,0,0.22142171079914516,0,Eukaryota;Chordata;Actinopteri;Ophidiiformes;Ophidiidae;Chilara;Chilara taylori
0.2052704139173441,0.3537283295375562,0,0,0,0,0,0,0,0,0,0,0,0,0,0,0,0,0.44100125654509975,0,0,0,0,0,0,0,0,0,0,0,0,0,0,0,0,0,Eukaryota;Chordata;Actinopteri;;Pomacentridae;;
0,0,0,0,0,0,0,0,0,0,0,0,0,0,0,0,0,0,0,0,0,0,0,1,0,0,0,0,0,0,0,0,0,0,0,0,Eukaryota;Chordata;Actinopteri;Acanthuriformes;Acanthuridae;Acanthurus;Acanthurus pyroferus
0,0,0,0,0,0,0,0,0,0,0,0,0,0,0,0,0,0,0,0,0,0,0,0,0,0,0,0,0,0,0,1,0,0,0,0,Eukaryota;Chordata;Actinopteri;Carangiformes;Carangidae;Trachurus;
0,0.13417365111030133,0,0,0,0,0,0,0,0,0,0,0,0,0,0,0,0,0,0,0,0,0,0,0,0,0,0,0,0,0,0,0,0,0.8658263488896987,0,Eukaryota;Chordata;Actinopteri;Beloniformes;Belonidae;Cololabis;Cololabis saira
0,0,0,0,0,0,1,0,0,0,0,0,0,0,0,0,0,0,0,0,0,0,0,0,0,0,0,0,0,0,0,0,0,0,0,0,Eukaryota;Chordata;Actinopteri;Perciformes;;;
0.11262963130695772,0.14406447792401667,0.2820785409424002,0,0.005696869282662581,0.010032415348310666,0,0,0.04132737190194652,0.08605085885602058,0,0.008860321483903814,0,0,0,0,0.016714459545077654,0,0,0,0,0,0.020973400842918752,0,0.034984827818422215,0.03254963821424085,0,0,0,0.021488818741820386,0,0.1542294498178815,0,0.02131806672818963,0,0.007000851245230333,Eukaryota;Chordata;Chondrichthyes;Myliobatiformes;Urolophidae;Urolophus;Urolophus halleri
0,0,0,0,0.09202676479383247,0,0,0,0,0,0,0,0,0,0,0,0,0,0,0,0,0.6756072661470358,0,0,0,0.23236596905913182,0,0,0,0,0,0,0,0,0,0,Eukaryota;Chordata;Actinopteri;Clupeiformes;Clupeidae;Amblygaster;Amblygaster sirm
0.045242148610368293,0.034644423256348866,0.04308351489181692,0.008910064884857693,0,0,0.014124690831307764,0.007244873397507544,0.002101500969419689,0.045152258086863004,0,0,0.03103158285455075,0.008044913123256506,0.022758293883956525,0.010345549592845145,0.08513806769985484,0.05974532140969611,0.08776348120412793,0.04515696618836496,0.04364221286643223,0.0042051854949562905,0.034645732880490894,3.868221544068519e-4,0.041830784431597365,0.11788604750163023,0,0.03166420567593375,0.009117784091393232,0.040526632520456324,0.051453873465855046,0.042443523687728094,0,0.020731993659873004,0.010977550684104151,0,Eukaryota;Chordata;Actinopteri;Blenniiformes;Clinidae;Gibbonsia;
0,0,0,0,0,0,0,0,0,0,0,0,0,0,0,0,0,0,0,0,0,0,0,1,0,0,0,0,0,0,0,0,0,0,0,0,Eukaryota;Chordata;Actinopteri;Perciformes;Serranidae;Variola;Variola albimarginata
0,0,0,0,0,0.018046159956052032,0.05008273901330925,0.10996437799941956,0.15066050248509938,0,0.219546956767425,0,0,0,0.10155727500415834,0.1607918114008164,0,0,0.05456413447269369,0,0,0,0.08134916941834845,0,0,0,0,0.02578806025600732,0,0.027648813226670645,0,0,0,0,0,0,Eukaryota;Chordata;Chondrichthyes;Myliobatiformes;Myliobatidae;Myliobatis;Myliobatis californica
0,0.47177226246825926,0.10830572687571809,0,0,0,0,0,0,0,0,0,0,0,0,0,0,0,0.058662559529807284,0,0,0,0,0,0,0,0,0,0,0,0,0,0,0,0.3612594511262154,0,Eukaryota;Chordata;Actinopteri;Perciformes;Cottidae;Clinocottus;Clinocottus analis
0,0,0,0,0,0,0.22502792942961253,0.09881670523510602,0,0.2157398475783579,0,0,0,0,0,0,0,0,0,0.11055975145350988,0,0,0,0,0.20892313164291873,0,0.140932634660495,0,0,0,0,0,0,0,0,0,Eukaryota;Chordata;Actinopteri;Centrarchiformes;Kyphosidae;Girella;
0,0,0,0,0,0,0,1,0,0,0,0,0,0,0,0,0,0,0,0,0,0,0,0,0,0,0,0,0,0,0,0,0,0,0,0,Eukaryota;Chordata;Actinopteri;Carangiformes;Carangidae;Decapterus;Decapterus macarellus
0,0,0,0,0,0,0,0,0,0,0,0,0,0,0,0,0,0,0,0,0,0,0,0,0,0,0,0,0.004647648524681959,0,0,0,0,0,0.995352351475318,0,Eukaryota;Chordata;Aves;Galliformes;Phasianidae;Gallus;Gallus gallus
0,0,0,0,0.011896099895128725,0.04630944128260747,0,0.029394462811756717,0,0.7059244287415781,0,0,0,0,0,0,0.1998980468085063,0,0,0.006577520460422534,0,0,0,0,0,0,0,0,0,0,0,0,0,0,0,0,Eukaryota;Chordata;Actinopteri;;;;
